"SHA256","FullName"
,"C:\Users\dell\ai-bot-builder\.next\server\app\dashboard\bots\[botId]\test\page.js"
,"C:\Users\dell\ai-bot-builder\.next\server\app\dashboard\bots\[botId]\test\page_client-reference-manifest.js"
,"C:\Users\dell\ai-bot-builder\.next\static\chunks\app\dashboard\bots\[botId]\test\page.js"
,"C:\Users\dell\ai-bot-builder\.next\types\app\dashboard\bots\[botId]\test\page.ts"
,"C:\Users\dell\ai-bot-builder\src\app\api\bots\[id]\route.ts"
,"C:\Users\dell\ai-bot-builder\src\app\api\bots\[id]\book\route.ts"
,"C:\Users\dell\ai-bot-builder\src\app\api\bots\[id]\hours\route.ts"
,"C:\Users\dell\ai-bot-builder\src\app\api\bots\[id]\info\route.ts"
,"C:\Users\dell\ai-bot-builder\src\app\bot\[id]\page.tsx"
,"C:\Users\dell\ai-bot-builder\src\app\dashboard\admin\user\[id]\page.tsx"
,"C:\Users\dell\ai-bot-builder\src\app\dashboard\appointments\[botId]\page.tsx"
,"C:\Users\dell\ai-bot-builder\src\app\dashboard\bot\[id]\page.tsx"
,"C:\Users\dell\ai-bot-builder\src\app\dashboard\bots\[botId]\hours\page.tsx"
,"C:\Users\dell\ai-bot-builder\src\app\dashboard\bots\[botId]\test\page.tsx"
,"C:\Users\dell\ai-bot-builder\src\app\dashboard\calendar\[botId]\page.tsx"
,"C:\Users\dell\ai-bot-builder\src\app\dashboard\integrations\airtable\[botId]\page.tsx"
,"C:\Users\dell\ai-bot-builder\src\app\dashboard\integrations\make\[botId]\page.tsx"
,"C:\Users\dell\ai-bot-builder\src\app\dashboard\integrations\zapier\[botId]\page.tsx"
,"C:\Users\dell\ai-bot-builder\src\app\dashboard\leads\[botId]\page.tsx"
,"C:\Users\dell\ai-bot-builder\src\app\dashboard\settings\[botId]\page.tsx"
,"C:\Users\dell\ai-bot-builder\src\app\dashboard\upload\[botId]\page.tsx"
"50B2026E892228653AB6E3805EDD14BAC846D83DA8E9CDB7EBDDD9681FFE9D49","C:\Users\dell\ai-bot-builder\.next\server\static\webpack\633457081244afec._.hot-update.json"
"50B2026E892228653AB6E3805EDD14BAC846D83DA8E9CDB7EBDDD9681FFE9D49","C:\Users\dell\ai-bot-builder\.next\static\webpack\633457081244afec._.hot-update.json"
"EEA3C145B3456FCDF200B061BA939627D594C39727E9FAA523ED958ED05B4705","C:\Users\dell\ai-bot-builder\.next\static\webpack\3730911cb5e61ad9.webpack.hot-update.json"
"EEA3C145B3456FCDF200B061BA939627D594C39727E9FAA523ED958ED05B4705","C:\Users\dell\ai-bot-builder\.next\static\webpack\42c509db5c5b9230.webpack.hot-update.json"
"EEA3C145B3456FCDF200B061BA939627D594C39727E9FAA523ED958ED05B4705","C:\Users\dell\ai-bot-builder\.next\static\webpack\76e6383181fcf49e.webpack.hot-update.json"
"EEA3C145B3456FCDF200B061BA939627D594C39727E9FAA523ED958ED05B4705","C:\Users\dell\ai-bot-builder\.next\static\webpack\7a9832f63c56d88b.webpack.hot-update.json"
"EEA3C145B3456FCDF200B061BA939627D594C39727E9FAA523ED958ED05B4705","C:\Users\dell\ai-bot-builder\.next\static\webpack\9bf52b478d363a86.webpack.hot-update.json"
"EEA3C145B3456FCDF200B061BA939627D594C39727E9FAA523ED958ED05B4705","C:\Users\dell\ai-bot-builder\.next\static\webpack\a3bacc8a9ec00600.webpack.hot-update.json"
"EEA3C145B3456FCDF200B061BA939627D594C39727E9FAA523ED958ED05B4705","C:\Users\dell\ai-bot-builder\.next\static\webpack\cc53189f00346541.webpack.hot-update.json"
"EEA3C145B3456FCDF200B061BA939627D594C39727E9FAA523ED958ED05B4705","C:\Users\dell\ai-bot-builder\.next\static\webpack\f0c9d4ad3a706327.webpack.hot-update.json"
